<ImportExportXml xmlns:xsi="http://www.w3.org/2001/XMLSchema-instance">
  <Entities></Entities>
  <Roles></Roles>
  <Workflows>
    <Workflow WorkflowId="{760778ed-bcf7-412c-a5ba-00e5e84091f0}" Name="Update Display Coordinates - from Initial Coordinates">
      <XamlFileName>/Workflows/UpdateDisplayCoordinates-fromInitialCoordinates-760778ED-BCF7-412C-A5BA-00E5E84091F0.xaml</XamlFileName>
      <Type>1</Type>
      <Subprocess>0</Subprocess>
      <Category>0</Category>
      <Mode>1</Mode>
      <Scope>4</Scope>
      <OnDemand>1</OnDemand>
      <TriggerOnUpdateAttributeList>ctd_initialobservtaionlongitude,ctd_initialobservationlatitude</TriggerOnUpdateAttributeList>
      <TriggerOnCreate>1</TriggerOnCreate>
      <TriggerOnDelete>0</TriggerOnDelete>
      <AsyncAutodelete>0</AsyncAutodelete>
      <SyncWorkflowLogOnFailure>1</SyncWorkflowLogOnFailure>
      <StateCode>1</StateCode>
      <StatusCode>2</StatusCode>
      <CreateStage>40</CreateStage>
      <UpdateStage>40</UpdateStage>
      <RunAs>0</RunAs>
      <IsTransacted>1</IsTransacted>
      <IntroducedVersion>1.0</IntroducedVersion>
      <IsCustomProcessingStepAllowedForOtherPublishers>1</IsCustomProcessingStepAllowedForOtherPublishers>
      <PrimaryEntity>Incident</PrimaryEntity>
      <LocalizedNames>
        <LocalizedName languagecode="1033" description="Update Display Coordinates - from Initial Coordinates" />
      </LocalizedNames>
    </Workflow>
    <Workflow WorkflowId="{5d15d86c-7963-457d-864c-0378285afdc9}" Name="Trend Analysis - Update Surveillance Flight validation">
      <XamlFileName>/Workflows/TrendAnalysis-UpdateSurveillanceFlightvalidation-5D15D86C-7963-457D-864C-0378285AFDC9.xaml</XamlFileName>
      <Type>1</Type>
      <Subprocess>0</Subprocess>
      <Category>0</Category>
      <Mode>1</Mode>
      <Scope>4</Scope>
      <OnDemand>0</OnDemand>
      <TriggerOnUpdateAttributeList>ctd_sftrp,ctd_sftnpswamp,ctd_sftnpland,ctd_sftfp,ctd_sftep,ctd_sfsecuritywest,ctd_sfsecurityeast,ctd_sfpipelineswest,ctd_sfpipelineseast,ctd_sfolomawells,ctd_sfoffshorecotonous,ctd_sfodeamawells,ctd_sfnembewells,ctd_sfnctl,ctd_sfkrakamawells,ctd_sfimoriver,ctd_sfimofield,ctd_sfekulamawells,ctd_sfeggs2,ctd_sfeggs1,ctd_sfegbemaspur,ctd_sfcoastline,ctd_sfcawcwells,ctd_sfbwestwells,ctd_sfbrassriver,ctd_sfbonnytankers,ctd_sfbelemawells,ctd_sfawobawells,ctd_sfarutoncotonous,ctd_sfalakiriwells,ctd_sfaggebarges,ctd_sfadibawaspur,ctd_sfabolomayetti</TriggerOnUpdateAttributeList>
      <TriggerOnCreate>0</TriggerOnCreate>
      <TriggerOnDelete>0</TriggerOnDelete>
      <AsyncAutodelete>0</AsyncAutodelete>
      <SyncWorkflowLogOnFailure>1</SyncWorkflowLogOnFailure>
      <StateCode>0</StateCode>
      <StatusCode>1</StatusCode>
      <CreateStage>40</CreateStage>
      <UpdateStage>20</UpdateStage>
      <RunAs>1</RunAs>
      <IsTransacted>1</IsTransacted>
      <IntroducedVersion>1.0.0.0</IntroducedVersion>
      <IsCustomProcessingStepAllowedForOtherPublishers>1</IsCustomProcessingStepAllowedForOtherPublishers>
      <PrimaryEntity>ctd_trendanalysis</PrimaryEntity>
      <LocalizedNames>
        <LocalizedName languagecode="1033" description="Trend Analysis - Update Surveillance Flight validation" />
      </LocalizedNames>
      <labels>
        <steplabels id="{35f0e03e-6cc5-4ec2-a8e6-91cb335f56a0}">
          <label languagecode="1033" description="Surveillance flight fields can not be updated." />
        </steplabels>
      </labels>
    </Workflow>
    <Workflow WorkflowId="{42fdaf36-cc28-4784-9421-11ca610a63a7}" Name="Action Planner - Update Case Upon Task Completion">
      <XamlFileName>/Workflows/ActionPlanner-UpdateCaseUponTaskCompletion-42FDAF36-CC28-4784-9421-11CA610A63A7.xaml</XamlFileName>
      <Type>1</Type>
      <Subprocess>0</Subprocess>
      <Category>0</Category>
      <Mode>1</Mode>
      <Scope>4</Scope>
      <OnDemand>0</OnDemand>
      <TriggerOnUpdateAttributeList>ctd_jtffieldreportreceiveddate,ctd_jtfactiontakendate,ctd_feedbackfromactionparty,ctd_actiontakenbyjtf,statecode</TriggerOnUpdateAttributeList>
      <TriggerOnCreate>1</TriggerOnCreate>
      <TriggerOnDelete>0</TriggerOnDelete>
      <AsyncAutodelete>0</AsyncAutodelete>
      <SyncWorkflowLogOnFailure>1</SyncWorkflowLogOnFailure>
      <StateCode>0</StateCode>
      <StatusCode>1</StatusCode>
      <CreateStage>40</CreateStage>
      <UpdateStage>40</UpdateStage>
      <RunAs>1</RunAs>
      <IsTransacted>1</IsTransacted>
      <IntroducedVersion>1.0.0.1</IntroducedVersion>
      <IsCustomProcessingStepAllowedForOtherPublishers>1</IsCustomProcessingStepAllowedForOtherPublishers>
      <PrimaryEntity>Task</PrimaryEntity>
      <LocalizedNames>
        <LocalizedName languagecode="1033" description="Action Planner - Update Case Upon Task Completion" />
      </LocalizedNames>
    </Workflow>
    <Workflow WorkflowId="{f6809adf-c035-4eeb-ab1a-1808f405ae15}" Name="Process Stage copy to Case">
      <XamlFileName>/Workflows/ProcessStagecopytoCase-F6809ADF-C035-4EEB-AB1A-1808F405AE15.xaml</XamlFileName>
      <Type>1</Type>
      <Subprocess>0</Subprocess>
      <Category>0</Category>
      <Mode>1</Mode>
      <Scope>4</Scope>
      <OnDemand>1</OnDemand>
      <TriggerOnUpdateAttributeList>stageid</TriggerOnUpdateAttributeList>
      <TriggerOnCreate>1</TriggerOnCreate>
      <TriggerOnDelete>0</TriggerOnDelete>
      <AsyncAutodelete>0</AsyncAutodelete>
      <SyncWorkflowLogOnFailure>1</SyncWorkflowLogOnFailure>
      <StateCode>0</StateCode>
      <StatusCode>1</StatusCode>
      <CreateStage>40</CreateStage>
      <UpdateStage>40</UpdateStage>
      <RunAs>0</RunAs>
      <IsTransacted>1</IsTransacted>
      <IntroducedVersion>1.0.0.0</IntroducedVersion>
      <IsCustomProcessingStepAllowedForOtherPublishers>1</IsCustomProcessingStepAllowedForOtherPublishers>
      <PrimaryEntity>Incident</PrimaryEntity>
      <LocalizedNames>
        <LocalizedName languagecode="1033" description="Process Stage copy to Case" />
      </LocalizedNames>
    </Workflow>
    <Workflow WorkflowId="{99c9d5a3-5f9f-4542-b75f-1c7455e2e517}" Name="Trend Analysis - Number of Equipment">
      <XamlFileName>/Workflows/TrendAnalysis-NumberofEquipment-99C9D5A3-5F9F-4542-B75F-1C7455E2E517.xaml</XamlFileName>
      <Type>1</Type>
      <Subprocess>0</Subprocess>
      <Category>0</Category>
      <Mode>1</Mode>
      <Scope>4</Scope>
      <OnDemand>0</OnDemand>
      <TriggerOnUpdateAttributeList>ctd_type,ctd_numberofequipmnet,ctd_actiontype</TriggerOnUpdateAttributeList>
      <TriggerOnCreate>1</TriggerOnCreate>
      <TriggerOnDelete>0</TriggerOnDelete>
      <AsyncAutodelete>0</AsyncAutodelete>
      <SyncWorkflowLogOnFailure>1</SyncWorkflowLogOnFailure>
      <StateCode>0</StateCode>
      <StatusCode>1</StatusCode>
      <CreateStage>40</CreateStage>
      <UpdateStage>40</UpdateStage>
      <RunAs>1</RunAs>
      <IsTransacted>1</IsTransacted>
      <IntroducedVersion>1.0.0.0</IntroducedVersion>
      <IsCustomProcessingStepAllowedForOtherPublishers>1</IsCustomProcessingStepAllowedForOtherPublishers>
      <PrimaryEntity>ctd_trendanalysis</PrimaryEntity>
      <LocalizedNames>
        <LocalizedName languagecode="1033" description="Trend Analysis - Number of Equipment" />
      </LocalizedNames>
    </Workflow>
    <Workflow WorkflowId="{6989045f-7c79-40aa-9b1e-2a661cb764d8}" Name="Trend Analysis - Create Surveillance Flight Status">
      <XamlFileName>/Workflows/TrendAnalysis-CreateSurveillanceFlightStatus-6989045F-7C79-40AA-9B1E-2A661CB764D8.xaml</XamlFileName>
      <Type>1</Type>
      <Subprocess>0</Subprocess>
      <Category>0</Category>
      <Mode>0</Mode>
      <Scope>4</Scope>
      <OnDemand>0</OnDemand>
      <TriggerOnCreate>1</TriggerOnCreate>
      <TriggerOnDelete>0</TriggerOnDelete>
      <AsyncAutodelete>1</AsyncAutodelete>
      <SyncWorkflowLogOnFailure>0</SyncWorkflowLogOnFailure>
      <StateCode>0</StateCode>
      <StatusCode>1</StatusCode>
      <RunAs>1</RunAs>
      <IsTransacted>1</IsTransacted>
      <IntroducedVersion>1.0.0.0</IntroducedVersion>
      <IsCustomProcessingStepAllowedForOtherPublishers>1</IsCustomProcessingStepAllowedForOtherPublishers>
      <PrimaryEntity>ctd_trendanalysis</PrimaryEntity>
      <LocalizedNames>
        <LocalizedName languagecode="1033" description="Trend Analysis - Create Surveillance Flight Status" />
      </LocalizedNames>
    </Workflow>
    <Workflow WorkflowId="{859fc9a8-e9dc-49bc-86e2-33e41495bb7f}" Name="Generate URL Link to My Maps from Display Coordinates">
      <XamlFileName>/Workflows/GenerateURLLinktoMyMapsfromDisplayCoordinates-859FC9A8-E9DC-49BC-86E2-33E41495BB7F.xaml</XamlFileName>
      <Type>1</Type>
      <Subprocess>0</Subprocess>
      <Category>0</Category>
      <Mode>1</Mode>
      <Scope>4</Scope>
      <OnDemand>0</OnDemand>
      <TriggerOnUpdateAttributeList>ctd_displaylongitude,ctd_displaylatitude</TriggerOnUpdateAttributeList>
      <TriggerOnCreate>0</TriggerOnCreate>
      <TriggerOnDelete>0</TriggerOnDelete>
      <AsyncAutodelete>0</AsyncAutodelete>
      <SyncWorkflowLogOnFailure>1</SyncWorkflowLogOnFailure>
      <StateCode>0</StateCode>
      <StatusCode>1</StatusCode>
      <CreateStage>40</CreateStage>
      <UpdateStage>40</UpdateStage>
      <RunAs>1</RunAs>
      <IsTransacted>1</IsTransacted>
      <IntroducedVersion>1.0</IntroducedVersion>
      <IsCustomProcessingStepAllowedForOtherPublishers>1</IsCustomProcessingStepAllowedForOtherPublishers>
      <PrimaryEntity>Incident</PrimaryEntity>
      <LocalizedNames>
        <LocalizedName languagecode="1033" description="Generate URL Link to My Maps from Display Coordinates" />
      </LocalizedNames>
    </Workflow>
    <Workflow WorkflowId="{f208b919-c4df-43d9-a2eb-58ebfb65e81a}" Name="Sending Case data to GIS" Description="On Change of:&#xA;&#xA;Asset Reference&#xA;Date of Observation&#xA;- removed Date of Overfly&#xA;Display Lat&#xA;Display Long&#xA;Incident ID&#xA;Incident Type&#xA;Leaking Point&#xA;Link to Ground Picture&#xA;Link to overfly Picture&#xA;Producing Area&#xA;Relevant Observation&#xA;Shell Operational Area&#xA;Source of Information&#xA;Status Reason&#xA;- added Location">
      <XamlFileName>/Workflows/SendingCasedatatoGIS-F208B919-C4DF-43D9-A2EB-58EBFB65E81A.xaml</XamlFileName>
      <Type>1</Type>
      <Subprocess>0</Subprocess>
      <Category>0</Category>
      <Mode>0</Mode>
      <Scope>4</Scope>
      <OnDemand>1</OnDemand>
      <TriggerOnUpdateAttributeList>statuscode,ctd_sourceofinformation,ctd_shelloperationalarea,title,ctd_operationalarea,ctd_locationcommunityofobservation,ctd_linktooverflypicture,ctd_linktogroundpicture,ctd_leakingpoint,ctd_incidenttype,ticketnumber,ctd_displaylongitude,ctd_displaylatitude,ctd_dateofobservation,ctd_assetreference</TriggerOnUpdateAttributeList>
      <TriggerOnCreate>0</TriggerOnCreate>
      <TriggerOnDelete>1</TriggerOnDelete>
      <AsyncAutodelete>0</AsyncAutodelete>
      <SyncWorkflowLogOnFailure>0</SyncWorkflowLogOnFailure>
      <StateCode>0</StateCode>
      <StatusCode>1</StatusCode>
      <RunAs>1</RunAs>
      <IsTransacted>1</IsTransacted>
      <IntroducedVersion>1.0</IntroducedVersion>
      <IsCustomProcessingStepAllowedForOtherPublishers>1</IsCustomProcessingStepAllowedForOtherPublishers>
      <PrimaryEntity>Incident</PrimaryEntity>
      <LocalizedNames>
        <LocalizedName languagecode="1033" description="Sending Case data to GIS" />
      </LocalizedNames>
      <Descriptions>
        <Description languagecode="1033" description="On Change of:&#xA;&#xA;Asset Reference&#xA;Date of Observation&#xA;- removed Date of Overfly&#xA;Display Lat&#xA;Display Long&#xA;Incident ID&#xA;Incident Type&#xA;Leaking Point&#xA;Link to Ground Picture&#xA;Link to overfly Picture&#xA;Producing Area&#xA;Relevant Observation&#xA;Shell Operational Area&#xA;Source of Information&#xA;Status Reason&#xA;- added Location" />
      </Descriptions>
      <labels>
        <steplabels id="{0aedb62c-45a6-418e-9921-1974cceb61ee}" />
        <steplabels id="{b855e06f-56eb-4635-ab23-9d3b657b9cc9}" />
      </labels>
    </Workflow>
    <Workflow WorkflowId="{6f08fc78-f940-478e-953c-6d495cb82609}" Name="Data Migration - Set Stage To ActOn &amp; Notify">
      <XamlFileName>/Workflows/DataMigration-SetStageToActOnNotify-6F08FC78-F940-478E-953C-6D495CB82609.xaml</XamlFileName>
      <Type>1</Type>
      <Subprocess>0</Subprocess>
      <Category>0</Category>
      <Mode>0</Mode>
      <Scope>4</Scope>
      <OnDemand>1</OnDemand>
      <TriggerOnCreate>0</TriggerOnCreate>
      <TriggerOnDelete>0</TriggerOnDelete>
      <AsyncAutodelete>1</AsyncAutodelete>
      <SyncWorkflowLogOnFailure>0</SyncWorkflowLogOnFailure>
      <StateCode>0</StateCode>
      <StatusCode>1</StatusCode>
      <RunAs>1</RunAs>
      <IsTransacted>1</IsTransacted>
      <IntroducedVersion>1.0.0.0</IntroducedVersion>
      <IsCustomProcessingStepAllowedForOtherPublishers>1</IsCustomProcessingStepAllowedForOtherPublishers>
      <PrimaryEntity>Incident</PrimaryEntity>
      <LocalizedNames>
        <LocalizedName languagecode="1033" description="Data Migration - Set Stage To ActOn &amp; Notify" />
      </LocalizedNames>
    </Workflow>
    <Workflow WorkflowId="{54c3764e-da40-4797-acb8-7298a545d24d}" Name="Update Display Coordinates - from Corrected Coordinates">
      <XamlFileName>/Workflows/UpdateDisplayCoordinates-fromCorrectedCoordinates-54C3764E-DA40-4797-ACB8-7298A545D24D.xaml</XamlFileName>
      <Type>1</Type>
      <Subprocess>0</Subprocess>
      <Category>0</Category>
      <Mode>1</Mode>
      <Scope>4</Scope>
      <OnDemand>1</OnDemand>
      <TriggerOnUpdateAttributeList>ctd_correctedlongitude,ctd_correctedlatitude</TriggerOnUpdateAttributeList>
      <TriggerOnCreate>1</TriggerOnCreate>
      <TriggerOnDelete>0</TriggerOnDelete>
      <AsyncAutodelete>0</AsyncAutodelete>
      <SyncWorkflowLogOnFailure>1</SyncWorkflowLogOnFailure>
      <StateCode>0</StateCode>
      <StatusCode>1</StatusCode>
      <CreateStage>40</CreateStage>
      <UpdateStage>40</UpdateStage>
      <RunAs>0</RunAs>
      <IsTransacted>1</IsTransacted>
      <IntroducedVersion>1.0</IntroducedVersion>
      <IsCustomProcessingStepAllowedForOtherPublishers>1</IsCustomProcessingStepAllowedForOtherPublishers>
      <PrimaryEntity>Incident</PrimaryEntity>
      <LocalizedNames>
        <LocalizedName languagecode="1033" description="Update Display Coordinates - from Corrected Coordinates" />
      </LocalizedNames>
    </Workflow>
    <Workflow WorkflowId="{96ee7033-6885-4ba9-abc8-7ae85d7ba380}" Name="Copy Asset data to Case">
      <XamlFileName>/Workflows/CopyAssetdatatoCase-96EE7033-6885-4BA9-ABC8-7AE85D7BA380.xaml</XamlFileName>
      <Type>1</Type>
      <Subprocess>0</Subprocess>
      <Category>0</Category>
      <Mode>0</Mode>
      <Scope>4</Scope>
      <OnDemand>0</OnDemand>
      <TriggerOnUpdateAttributeList>ctd_assetreference</TriggerOnUpdateAttributeList>
      <TriggerOnCreate>1</TriggerOnCreate>
      <TriggerOnDelete>0</TriggerOnDelete>
      <AsyncAutodelete>1</AsyncAutodelete>
      <SyncWorkflowLogOnFailure>0</SyncWorkflowLogOnFailure>
      <StateCode>0</StateCode>
      <StatusCode>1</StatusCode>
      <RunAs>1</RunAs>
      <IsTransacted>1</IsTransacted>
      <IntroducedVersion>1.0</IntroducedVersion>
      <IsCustomProcessingStepAllowedForOtherPublishers>1</IsCustomProcessingStepAllowedForOtherPublishers>
      <PrimaryEntity>Incident</PrimaryEntity>
      <LocalizedNames>
        <LocalizedName languagecode="1033" description="Copy Asset data to Case" />
      </LocalizedNames>
    </Workflow>
    <Workflow WorkflowId="{a4d9e0eb-06fb-4d16-b8ea-7af1f32a5490}" Name="Data Migration - Close Cases" unmodified="1" />
    <Workflow WorkflowId="{8b04f161-90a8-4727-b9a8-9766c63cda2a}" Name="Copy Attachments From Regarding Email - Email attached to Case">
      <XamlFileName>/Workflows/CopyAttachmentsFromRegardingEmail-EmailattachedtoC-8B04F161-90A8-4727-B9A8-9766C63CDA2A.xaml</XamlFileName>
      <Type>1</Type>
      <Subprocess>0</Subprocess>
      <Category>0</Category>
      <Mode>0</Mode>
      <Scope>4</Scope>
      <OnDemand>1</OnDemand>
      <TriggerOnUpdateAttributeList>regardingobjectid,ctd_casecreateemail</TriggerOnUpdateAttributeList>
      <TriggerOnCreate>0</TriggerOnCreate>
      <TriggerOnDelete>0</TriggerOnDelete>
      <AsyncAutodelete>0</AsyncAutodelete>
      <SyncWorkflowLogOnFailure>0</SyncWorkflowLogOnFailure>
      <StateCode>0</StateCode>
      <StatusCode>1</StatusCode>
      <RunAs>1</RunAs>
      <IsTransacted>1</IsTransacted>
      <IntroducedVersion>1.0</IntroducedVersion>
      <IsCustomProcessingStepAllowedForOtherPublishers>1</IsCustomProcessingStepAllowedForOtherPublishers>
      <PrimaryEntity>Email</PrimaryEntity>
      <LocalizedNames>
        <LocalizedName languagecode="1033" description="Copy Attachments From Regarding Email - Email attached to Case" />
      </LocalizedNames>
    </Workflow>
    <Workflow WorkflowId="{2088f585-cc73-43b0-a0ea-a79605133ae8}" Name="Create Trend Analysis">
      <XamlFileName>/Workflows/CreateTrendAnalysis-2088F585-CC73-43B0-A0EA-A79605133AE8.xaml</XamlFileName>
      <Type>1</Type>
      <Subprocess>0</Subprocess>
      <Category>1</Category>
      <Mode>0</Mode>
      <LanguageCode>1033</LanguageCode>
      <Scope>2</Scope>
      <OnDemand>1</OnDemand>
      <TriggerOnCreate>0</TriggerOnCreate>
      <TriggerOnDelete>0</TriggerOnDelete>
      <AsyncAutodelete>0</AsyncAutodelete>
      <SyncWorkflowLogOnFailure>0</SyncWorkflowLogOnFailure>
      <StateCode>0</StateCode>
      <StatusCode>1</StatusCode>
      <RunAs>1</RunAs>
      <IsTransacted>1</IsTransacted>
      <IntroducedVersion>1.0.0.0</IntroducedVersion>
      <IsCustomProcessingStepAllowedForOtherPublishers>1</IsCustomProcessingStepAllowedForOtherPublishers>
      <PrimaryEntity>SystemUser</PrimaryEntity>
      <LocalizedNames>
        <LocalizedName languagecode="1033" description="Create Trend Analysis" />
      </LocalizedNames>
    </Workflow>
    <Workflow WorkflowId="{c5d68f5f-88cb-4b4f-954b-acede5cf2b15}" Name="Process image metadata for Overfly image">
      <XamlFileName>/Workflows/ProcessimagemetadataforOverflyimage-C5D68F5F-88CB-4B4F-954B-ACEDE5CF2B15.xaml</XamlFileName>
      <Type>1</Type>
      <Subprocess>0</Subprocess>
      <Category>0</Category>
      <Mode>0</Mode>
      <Scope>4</Scope>
      <OnDemand>0</OnDemand>
      <TriggerOnUpdateAttributeList>ctd_linktooverflypicture</TriggerOnUpdateAttributeList>
      <TriggerOnCreate>0</TriggerOnCreate>
      <TriggerOnDelete>0</TriggerOnDelete>
      <AsyncAutodelete>1</AsyncAutodelete>
      <SyncWorkflowLogOnFailure>0</SyncWorkflowLogOnFailure>
      <StateCode>0</StateCode>
      <StatusCode>1</StatusCode>
      <RunAs>1</RunAs>
      <IsTransacted>1</IsTransacted>
      <IntroducedVersion>1.0.0.0</IntroducedVersion>
      <IsCustomProcessingStepAllowedForOtherPublishers>1</IsCustomProcessingStepAllowedForOtherPublishers>
      <PrimaryEntity>Incident</PrimaryEntity>
      <LocalizedNames>
        <LocalizedName languagecode="1033" description="Process image metadata for Overfly image" />
      </LocalizedNames>
    </Workflow>
    <Workflow WorkflowId="{0e2a5cac-ce3a-42a3-ba7d-ca2987438809}" Name="Process image metadata for Ground image">
      <XamlFileName>/Workflows/ProcessimagemetadataforGroundimage-0E2A5CAC-CE3A-42A3-BA7D-CA2987438809.xaml</XamlFileName>
      <Type>1</Type>
      <Subprocess>0</Subprocess>
      <Category>0</Category>
      <Mode>0</Mode>
      <Scope>4</Scope>
      <OnDemand>0</OnDemand>
      <TriggerOnUpdateAttributeList>ctd_linktogroundpicture</TriggerOnUpdateAttributeList>
      <TriggerOnCreate>0</TriggerOnCreate>
      <TriggerOnDelete>0</TriggerOnDelete>
      <AsyncAutodelete>1</AsyncAutodelete>
      <SyncWorkflowLogOnFailure>0</SyncWorkflowLogOnFailure>
      <StateCode>0</StateCode>
      <StatusCode>1</StatusCode>
      <RunAs>1</RunAs>
      <IsTransacted>1</IsTransacted>
      <IntroducedVersion>1.0.0.0</IntroducedVersion>
      <IsCustomProcessingStepAllowedForOtherPublishers>1</IsCustomProcessingStepAllowedForOtherPublishers>
      <PrimaryEntity>Incident</PrimaryEntity>
      <LocalizedNames>
        <LocalizedName languagecode="1033" description="Process image metadata for Ground image" />
      </LocalizedNames>
    </Workflow>
    <Workflow WorkflowId="{00953df6-d156-4ee0-bf4b-d0717182d5c3}" Name="Action Planner - Email Notification (Task)">
      <XamlFileName>/Workflows/ActionPlanner-EmailNotificationTask-00953DF6-D156-4EE0-BF4B-D0717182D5C3.xaml</XamlFileName>
      <Type>1</Type>
      <Subprocess>0</Subprocess>
      <Category>0</Category>
      <Mode>1</Mode>
      <Scope>4</Scope>
      <OnDemand>0</OnDemand>
      <TriggerOnUpdateAttributeList>ctd_emailnotification</TriggerOnUpdateAttributeList>
      <TriggerOnCreate>1</TriggerOnCreate>
      <TriggerOnDelete>0</TriggerOnDelete>
      <AsyncAutodelete>0</AsyncAutodelete>
      <SyncWorkflowLogOnFailure>1</SyncWorkflowLogOnFailure>
      <StateCode>0</StateCode>
      <StatusCode>1</StatusCode>
      <CreateStage>40</CreateStage>
      <UpdateStage>40</UpdateStage>
      <RunAs>0</RunAs>
      <IsTransacted>1</IsTransacted>
      <IntroducedVersion>1.0</IntroducedVersion>
      <IsCustomProcessingStepAllowedForOtherPublishers>1</IsCustomProcessingStepAllowedForOtherPublishers>
      <PrimaryEntity>Task</PrimaryEntity>
      <LocalizedNames>
        <LocalizedName languagecode="1033" description="Action Planner - Email Notification (Task)" />
      </LocalizedNames>
    </Workflow>
    <Workflow WorkflowId="{610af9d0-3830-43cb-9663-e27afd27ff09}" Name="Action Planner - Escalation (Task)">
      <XamlFileName>/Workflows/ActionPlanner-EscalationTask-610AF9D0-3830-43CB-9663-E27AFD27FF09.xaml</XamlFileName>
      <Type>1</Type>
      <Subprocess>0</Subprocess>
      <Category>0</Category>
      <Mode>0</Mode>
      <Scope>4</Scope>
      <OnDemand>0</OnDemand>
      <TriggerOnCreate>1</TriggerOnCreate>
      <TriggerOnDelete>0</TriggerOnDelete>
      <AsyncAutodelete>1</AsyncAutodelete>
      <SyncWorkflowLogOnFailure>0</SyncWorkflowLogOnFailure>
      <StateCode>0</StateCode>
      <StatusCode>1</StatusCode>
      <RunAs>1</RunAs>
      <IsTransacted>1</IsTransacted>
      <IntroducedVersion>1.0.0.0</IntroducedVersion>
      <IsCustomProcessingStepAllowedForOtherPublishers>1</IsCustomProcessingStepAllowedForOtherPublishers>
      <PrimaryEntity>Task</PrimaryEntity>
      <LocalizedNames>
        <LocalizedName languagecode="1033" description="Action Planner - Escalation (Task)" />
      </LocalizedNames>
      <labels>
        <steplabels id="{766084e3-ea50-49c9-8480-28f48630251b}" />
        <steplabels id="{4133dadd-ac28-48d8-a205-3362e8b3540d}" />
      </labels>
    </Workflow>
    <Workflow WorkflowId="{2ed33d32-2193-441b-95ed-e7a8797f7787}" Name="Create Case from Email Activity">
      <XamlFileName>/Workflows/CreateCasefromEmailActivity-2ED33D32-2193-441B-95ED-E7A8797F7787.xaml</XamlFileName>
      <Type>1</Type>
      <Subprocess>1</Subprocess>
      <Category>1</Category>
      <Mode>0</Mode>
      <LanguageCode>1033</LanguageCode>
      <Scope>1</Scope>
      <OnDemand>1</OnDemand>
      <TriggerOnCreate>0</TriggerOnCreate>
      <TriggerOnDelete>0</TriggerOnDelete>
      <AsyncAutodelete>0</AsyncAutodelete>
      <SyncWorkflowLogOnFailure>0</SyncWorkflowLogOnFailure>
      <StateCode>0</StateCode>
      <StatusCode>1</StatusCode>
      <RunAs>1</RunAs>
      <IsTransacted>1</IsTransacted>
      <IntroducedVersion>1.0</IntroducedVersion>
      <IsCustomProcessingStepAllowedForOtherPublishers>1</IsCustomProcessingStepAllowedForOtherPublishers>
      <PrimaryEntity>Email</PrimaryEntity>
      <LocalizedNames>
        <LocalizedName languagecode="1033" description="Create Case from Email Activity" />
      </LocalizedNames>
    </Workflow>
    <Workflow WorkflowId="{e68ada9f-83f3-4a04-a9a7-e8c2caaacf8d}" Name="Copy Attachments From Regarding Email">
      <XamlFileName>/Workflows/CopyAttachmentsFromRegardingEmail-E68ADA9F-83F3-4A04-A9A7-E8C2CAAACF8D.xaml</XamlFileName>
      <Type>1</Type>
      <Subprocess>0</Subprocess>
      <Category>0</Category>
      <Mode>0</Mode>
      <Scope>4</Scope>
      <OnDemand>1</OnDemand>
      <TriggerOnUpdateAttributeList>ctd_casecreationstatus</TriggerOnUpdateAttributeList>
      <TriggerOnCreate>0</TriggerOnCreate>
      <TriggerOnDelete>0</TriggerOnDelete>
      <AsyncAutodelete>1</AsyncAutodelete>
      <SyncWorkflowLogOnFailure>1</SyncWorkflowLogOnFailure>
      <StateCode>0</StateCode>
      <StatusCode>1</StatusCode>
      <UpdateStage>40</UpdateStage>
      <RunAs>1</RunAs>
      <IsTransacted>1</IsTransacted>
      <IntroducedVersion>1.0.0.0</IntroducedVersion>
      <IsCustomProcessingStepAllowedForOtherPublishers>1</IsCustomProcessingStepAllowedForOtherPublishers>
      <PrimaryEntity>Incident</PrimaryEntity>
      <LocalizedNames>
        <LocalizedName languagecode="1033" description="Copy Attachments From Regarding Email" />
      </LocalizedNames>
    </Workflow>
    <Workflow WorkflowId="{6b1ac140-3cad-48f4-acbe-ecc86b18188c}" Name="Create Station Trips">
      <XamlFileName>/Workflows/CreateStationTrips-6B1AC140-3CAD-48F4-ACBE-ECC86B18188C.xaml</XamlFileName>
      <Type>1</Type>
      <Subprocess>0</Subprocess>
      <Category>1</Category>
      <Mode>0</Mode>
      <LanguageCode>1033</LanguageCode>
      <Scope>2</Scope>
      <OnDemand>1</OnDemand>
      <TriggerOnCreate>0</TriggerOnCreate>
      <TriggerOnDelete>0</TriggerOnDelete>
      <AsyncAutodelete>0</AsyncAutodelete>
      <SyncWorkflowLogOnFailure>0</SyncWorkflowLogOnFailure>
      <StateCode>0</StateCode>
      <StatusCode>1</StatusCode>
      <RunAs>1</RunAs>
      <IsTransacted>1</IsTransacted>
      <IntroducedVersion>1.0.0.0</IntroducedVersion>
      <IsCustomProcessingStepAllowedForOtherPublishers>1</IsCustomProcessingStepAllowedForOtherPublishers>
      <PrimaryEntity>SystemUser</PrimaryEntity>
      <LocalizedNames>
        <LocalizedName languagecode="1033" description="Create Station Trips" />
      </LocalizedNames>
    </Workflow>
    <Workflow WorkflowId="{fd4abbb4-0160-42f2-9cce-ef770fb71f7f}" Name="Case Process" Description=" ">
      <XamlFileName>/Workflows/CaseProcess-FD4ABBB4-0160-42F2-9CCE-EF770FB71F7F.xaml</XamlFileName>
      <Type>1</Type>
      <Subprocess>0</Subprocess>
      <Category>4</Category>
      <Mode>0</Mode>
      <Scope>4</Scope>
      <OnDemand>0</OnDemand>
      <TriggerOnCreate>1</TriggerOnCreate>
      <TriggerOnDelete>0</TriggerOnDelete>
      <AsyncAutodelete>0</AsyncAutodelete>
      <SyncWorkflowLogOnFailure>0</SyncWorkflowLogOnFailure>
      <StateCode>1</StateCode>
      <StatusCode>2</StatusCode>
      <processorder>0</processorder>
      <RunAs>1</RunAs>
      <IsTransacted>1</IsTransacted>
      <IntroducedVersion>1.0.0.0</IntroducedVersion>
      <BusinessProcessType>0</BusinessProcessType>
      <IsCustomProcessingStepAllowedForOtherPublishers>1</IsCustomProcessingStepAllowedForOtherPublishers>
      <PrimaryEntity>Incident</PrimaryEntity>
      <LocalizedNames>
        <LocalizedName languagecode="1033" description="Case Process" />
      </LocalizedNames>
      <Descriptions>
        <Description languagecode="1033" description=" " />
      </Descriptions>
      <labels>
        <steplabels id="{e05a78cc-6d7e-487a-a081-c19cc3123c40}">
          <label languagecode="1033" description="Register" />
        </steplabels>
        <steplabels id="{8277582e-fe36-420e-8186-e84cb7aef57f}">
          <label languagecode="1033" description="Date of Observation" />
        </steplabels>
        <steplabels id="{4658c099-011c-3a39-81a7-a3857b3296ba}">
          <label languagecode="1033" description="Relevant Observation" />
        </steplabels>
        <steplabels id="{8474e40e-87dd-9e2c-d650-599834ee05cb}">
          <label languagecode="1033" description="JTF Area of Operation (AOR)" />
        </steplabels>
        <steplabels id="{a7937475-e799-7a84-d0b9-973a3deb4660}">
          <label languagecode="1033" description="Date of First Report to JTF" />
        </steplabels>
        <steplabels id="{5877746b-8c27-1a5b-4dca-6e5a2c0a41d9}">
          <label languagecode="1033" description="Source of Information" />
        </steplabels>
        <steplabels id="{54001116-ee14-b623-23ec-6dcab4309420}">
          <label languagecode="1033" description="Asset" />
        </steplabels>
        <steplabels id="{e71b10c8-e142-0d74-aa52-693ca51db900}">
          <label languagecode="1033" description="Operational Area" />
        </steplabels>
        <steplabels id="{c1ab27e1-11a2-52a2-3199-1eb68a925ca2}">
          <label languagecode="1033" description="Remarks" />
        </steplabels>
        <steplabels id="{a2188ae3-5500-6c9a-6cc9-0e516183e14a}">
          <label languagecode="1033" description="Estimated Production Loss (Barrels)" />
        </steplabels>
        <steplabels id="{48923244-00e2-8705-ee02-78050e97cb81}">
          <label languagecode="1033" description="Investigate" />
        </steplabels>
        <steplabels id="{7b181a4c-c5dd-a80d-709c-80b2139adb8d}">
          <label languagecode="1033" description="JTF Field Report Received Date" />
        </steplabels>
        <steplabels id="{a39023a2-9da5-3812-c102-ec50e793e37d}">
          <label languagecode="1033" description="JTF Action Taken Date" />
        </steplabels>
        <steplabels id="{ed206944-200e-c353-ee42-e5b07c5c99eb}">
          <label languagecode="1033" description="Action taken by JTF" />
        </steplabels>
        <steplabels id="{cda62ada-bcbe-5415-ad56-7643687573e8}">
          <label languagecode="1033" description="Additional Sites Identified" />
        </steplabels>
        <steplabels id="{6e87686c-cc5c-7a3a-d317-56e76401d25d}">
          <label languagecode="1033" description="Fountain Incident No." />
        </steplabels>
        <steplabels id="{c7b6a17b-2a38-23eb-b029-a390b79e8677}">
          <label languagecode="1033" description="Bunkering Point Size" />
        </steplabels>
        <steplabels id="{90b058a8-9008-2189-339e-6089307673db}">
          <label languagecode="1033" description="Incident Cause" />
        </steplabels>
        <steplabels id="{a8c7a93e-3dbe-a821-74ee-c7acdc38a9b1}">
          <label languagecode="1033" description="Specific Description for Cause of Leak" />
        </steplabels>
        <steplabels id="{dba6c29e-11c2-bbcd-1a94-6ca33809aeb0}">
          <label languagecode="1033" description="Quality of Weld on Bunkering point" />
        </steplabels>
        <steplabels id="{c15456a6-14dd-5ad8-c309-71b2ab004289}">
          <label languagecode="1033" description="Feedback from Action Party" />
        </steplabels>
        <steplabels id="{bce9a4db-03b8-2991-731e-c2db0863d766}">
          <label languagecode="1033" description="Act-On &amp; Close" />
        </steplabels>
        <steplabels id="{6eac8c19-4e11-4902-83dc-1350159a1482}">
          <label languagecode="1033" description="Action taken by JTF" />
        </steplabels>
        <steplabels id="{68a97385-7c21-7c97-dab7-99da5d23a322}">
          <label languagecode="1033" description="Incident Cause" />
        </steplabels>
        <steplabels id="{783ccde8-25eb-2571-14c5-e68bb2493740}">
          <label languagecode="1033" description="Specific Description for Cause of Leak" />
        </steplabels>
        <steplabels id="{15cab5b7-beec-7dd0-ab5d-0d8c52511edb}">
          <label languagecode="1033" description="Quality of Weld on Bunkering point" />
        </steplabels>
        <steplabels id="{ab8c0b82-0b53-d278-c06e-3bc2aa20826b}">
          <label languagecode="1033" description="Feedback from Action Party" />
        </steplabels>
      </labels>
    </Workflow>
    <Workflow WorkflowId="{6ea33417-5764-4830-b47e-f9f3c725be68}" Name="ction Planner - Create Activities" Description="15.5.2015 MB&#xA; - Changed statuses of stopped WF from Cancelled to Succeeded due to error in Sandbox environment.&#xA; - Removed trigger Modified On, Case Stage, Case Type&#xA; - Added triggers Process Stage, Observation Priority, Producing Area, Asset Reference">
      <XamlFileName>/Workflows/ctionPlanner-CreateActivities-6EA33417-5764-4830-B47E-F9F3C725BE68.xaml</XamlFileName>
      <Type>1</Type>
      <Subprocess>0</Subprocess>
      <Category>0</Category>
      <Mode>1</Mode>
      <Scope>4</Scope>
      <OnDemand>1</OnDemand>
      <TriggerOnUpdateAttributeList>ctd_shelloperationalarea,ctd_operationalarea,stageid,prioritycode,ctd_leakingpoint,ctd_incidenttype,ctd_assetreference</TriggerOnUpdateAttributeList>
      <TriggerOnCreate>1</TriggerOnCreate>
      <TriggerOnDelete>0</TriggerOnDelete>
      <AsyncAutodelete>0</AsyncAutodelete>
      <SyncWorkflowLogOnFailure>1</SyncWorkflowLogOnFailure>
      <StateCode>0</StateCode>
      <StatusCode>1</StatusCode>
      <CreateStage>40</CreateStage>
      <UpdateStage>40</UpdateStage>
      <RunAs>1</RunAs>
      <IsTransacted>1</IsTransacted>
      <IntroducedVersion>1.0.0.0</IntroducedVersion>
      <IsCustomProcessingStepAllowedForOtherPublishers>1</IsCustomProcessingStepAllowedForOtherPublishers>
      <PrimaryEntity>Incident</PrimaryEntity>
      <LocalizedNames>
        <LocalizedName languagecode="1033" description="ction Planner - Create Activities" />
      </LocalizedNames>
      <Descriptions>
        <Description languagecode="1033" description="15.5.2015 MB&#xA; - Changed statuses of stopped WF from Cancelled to Succeeded due to error in Sandbox environment.&#xA; - Removed trigger Modified On, Case Stage, Case Type&#xA; - Added triggers Process Stage, Observation Priority, Producing Area, Asset Reference" />
      </Descriptions>
    </Workflow>
  </Workflows>
  <FieldSecurityProfiles></FieldSecurityProfiles>
  <Templates />
  <EntityMaps />
  <EntityRelationships />
  <OrganizationSettings />
  <optionsets />
  <CustomControls />
  <EntityDataProviders />
  <Languages>
    <Language>1033</Language>
  </Languages>
</ImportExportXml>